alter session set NLS_NUMERIC_CHARACTERS='.,';

Insert into LOCATIONS (LOCATION_NAME) values ('Adelaide');
Insert into LOCATIONS (LOCATION_NAME) values ('Canberra');
Insert into LOCATIONS (LOCATION_NAME) values ('Darwin');

Insert into WIND_DIRECTION (WIND_DIRECTION) values ('E');
Insert into WIND_DIRECTION (WIND_DIRECTION) values ('N');
Insert into WIND_DIRECTION (WIND_DIRECTION) values ('S');
Insert into WIND_DIRECTION (WIND_DIRECTION) values ('W');

Insert into staff (ID, FIRST_NAME) values (id_staff_seq.NEXTVAL, 'Jack');
Insert into staff (ID, FIRST_NAME) values (id_staff_seq.NEXTVAL, 'Sofia');
Insert into staff (ID, FIRST_NAME) values (id_staff_seq.NEXTVAL, 'Bob');

Insert into WEATHER_DAILY (WEATHER_DATE,LOCATION_CODE,RAINFALL,EVAPORATION,SUNSHINE,WIND_GUST_DIR,WIND_GUST_SPEED,RAINFALL_TOMORROW) values (to_date('06.01.2017','DD.MM.RRRR'),'Adelaide',29.6,10.2,0.3,'S',41,15.2);
Insert into WEATHER_DAILY (WEATHER_DATE,LOCATION_CODE,RAINFALL,EVAPORATION,SUNSHINE,WIND_GUST_DIR,WIND_GUST_SPEED,RAINFALL_TOMORROW) values (to_date('07.01.2017','DD.MM.RRRR'),'Canberra',0.2,1.2,10.1,'E',28,0);
Insert into WEATHER_DAILY (WEATHER_DATE,LOCATION_CODE,RAINFALL,EVAPORATION,SUNSHINE,WIND_GUST_DIR,WIND_GUST_SPEED,RAINFALL_TOMORROW) values (to_date('15.01.2017','DD.MM.RRRR'),'Darwin',36.2,null,0.2,'W',54,21.6);

Insert into WEATHER_HOURLY (WEATHER_DATE,LOCATION_CODE,TIME,WIND_DIR,WIND_SPEED,HUMIDITY,PRESSURE,CLOUD,TEMPERATURE) values (to_date('06.01.2017','DD.MM.RRRR'),'Adelaide',9,'S',24,80,1009.6,8,29);
Insert into WEATHER_HOURLY (WEATHER_DATE,LOCATION_CODE,TIME,WIND_DIR,WIND_SPEED,HUMIDITY,PRESSURE,CLOUD,TEMPERATURE) values (to_date('07.01.2017','DD.MM.RRRR'),'Canberra',9,'S',25,87,1007.3,7,22.5);
Insert into WEATHER_HOURLY (WEATHER_DATE,LOCATION_CODE,TIME,WIND_DIR,WIND_SPEED,HUMIDITY,PRESSURE,CLOUD,TEMPERATURE) values (to_date('07.01.2017','DD.MM.RRRR'),'Canberra',12,'W',21,86,1007.5,8,25.8);
Insert into WEATHER_HOURLY (WEATHER_DATE,LOCATION_CODE,TIME,WIND_DIR,WIND_SPEED,HUMIDITY,PRESSURE,CLOUD,TEMPERATURE) values (to_date('07.01.2017','DD.MM.RRRR'),'Canberra',18,'W',24, 87,1007.0,9,27.3);
Insert into WEATHER_HOURLY (WEATHER_DATE,LOCATION_CODE,TIME,WIND_DIR,WIND_SPEED,HUMIDITY,PRESSURE,CLOUD,TEMPERATURE) values (to_date('07.01.2017','DD.MM.RRRR'),'Canberra',15,'E',30,88,1007.1,8,28.1);
Insert into WEATHER_HOURLY (WEATHER_DATE,LOCATION_CODE,TIME,WIND_DIR,WIND_SPEED,HUMIDITY,PRESSURE,CLOUD,TEMPERATURE) values (to_date('15.01.2017','DD.MM.RRRR'),'Darwin',9,'W',15,83,1009.8,8,27.9);
commit;
